"","Ret"
"2010-07-02",0.38299290626469
"2010-07-05",-0.798550036327317
"2010-07-06",1.90546428298282
"2010-07-07",0.484123571309336
"2010-07-08",-0.246762398316669
"2010-07-09",2.28304475000041
"2010-07-12",0.797922565151321
"2010-07-13",-1.63667211435961
"2010-07-14",0.819194013704383
"2010-07-15",-1.88517942218969
"2010-07-16",-0.00135953348490148
"2010-07-19",2.08795823721557
"2010-07-20",2.13063651887833
"2010-07-21",0.263225944019485
"2010-07-22",1.05975972173287
"2010-07-23",0.374805912804455
"2010-07-26",0.645457040263775
"2010-07-27",-0.515688727459285
"2010-07-28",2.23832800343242
"2010-07-29",0.547274580328949
"2010-07-30",-0.401582159807301
"2010-08-02",1.31877833830014
"2010-08-03",-1.71771389483419
"2010-08-04",0.437564752999453
"2010-08-05",-0.675566380305881
"2010-08-06",1.42582247162144
"2010-08-09",0.53048683376371
"2010-08-10",-2.93346371719849
"2010-08-11",0.469909046496841
"2010-08-12",-1.23567630358865
"2010-08-13",1.20510135588336
"2010-08-16",2.08829902675554
"2010-08-17",0.381920966301408
"2010-08-18",-0.209510667846846
"2010-08-19",0.809748363297214
"2010-08-20",-1.71372559430125
"2010-08-23",-0.111363137640197
"2010-08-24",0.413671465447241
"2010-08-25",-2.04802143797203
"2010-08-26",0.265415463575458
"2010-08-27",0.27850710768007
"2010-08-30",1.59299915217384
"2010-08-31",-0.524089498189895
"2010-09-01",-0.604980310911873
"2010-09-02",1.24631014300176
"2010-09-03",-0.0143786023142134
"2010-09-06",1.52688595972474
"2010-09-07",0.0783387832851368
"2010-09-08",-0.113912434946695
"2010-09-09",-1.45524100520218
"2010-09-10",0.257800850579759
"2010-09-13",0.938470783056378
"2010-09-14",0.00751017041435986
"2010-09-15",-1.34878940694207
"2010-09-16",-1.90445895001359
"2010-09-17",-0.145203300074748
"2010-09-20",-0.384627471540622
"2010-09-21",0.109537230698109
"2010-09-27",1.39543878529444
"2010-09-28",-0.634169677126017
"2010-09-29",-0.0258912624808261
"2010-09-30",1.7082493153036
"2010-10-08",3.08069403467828
"2010-10-11",2.45962139588096
"2010-10-12",1.22037485623379
"2010-10-13",0.699806942990211
"2010-10-14",0.636647728738016
"2010-10-15",3.12885269240848
"2010-10-18",-0.537693521745108
"2010-10-19",1.56542895355534
"2010-10-20",0.06986245641869
"2010-10-21",-0.682057066871877
"2010-10-22",-0.284934529251313
"2010-10-25",2.53479081973582
"2010-10-26",-0.324144820452865
"2010-10-27",-1.47371059936567
"2010-10-28",-0.149224473629594
"2010-10-29",-0.460332012668641
"2010-11-01",2.49268103001254
"2010-11-02",-0.281563502415771
"2010-11-03",-0.475479548113178
"2010-11-04",1.82913225159655
"2010-11-05",1.36923374287576
"2010-11-08",0.954526245242171
"2010-11-09",-0.778839949792065
"2010-11-10",-0.628575646389251
"2010-11-11",1.03425551139065
"2010-11-12",-5.29404881018909
"2010-11-15",0.965966191989764
"2010-11-16",-4.05796040441624
"2010-11-17",-1.94240593838444
"2010-11-18",0.932458723857366
"2010-11-19",0.80340864565871
"2010-11-22",-0.145327230474557
"2010-11-23",-1.96374307021268
"2010-11-24",1.11298053838498
"2010-11-25",1.33116379274236
"2010-11-26",-0.920740536726239
"2010-11-29",-0.186197013317368
"2010-11-30",-1.62404869585897
"2010-12-01",0.115814375961598
"2010-12-02",0.711411510345972
"2010-12-03",-0.0413997321701665
"2010-12-06",0.517477892045992
"2010-12-07",0.65180617568954
"2010-12-08",-0.954348403371252
"2010-12-09",-1.32865129940418
"2010-12-10",1.06480561933475
"2010-12-13",2.84245875954801
"2010-12-14",0.140949772004006
"2010-12-15",-0.536538590633739
"2010-12-16",-0.457045469457817
"2010-12-17",-0.151866109720267
"2010-12-20",-1.42067758283071
"2010-12-21",1.77856894471908
"2010-12-22",-0.906786582877661
"2010-12-23",-0.791193968158233
"2010-12-24",-0.705157928948097
"2010-12-27",-1.91421554086544
"2010-12-28",-1.755890878011
"2010-12-29",0.675982234491368
"2010-12-30",0.29205979661171
"2010-12-31",1.74232086444537
"2011-01-04",1.57477945891076
"2011-01-05",-0.47179677366227
"2011-01-06",-0.530561626493142
"2011-01-07",0.515770489620682
"2011-01-10",-1.66919865470936
"2011-01-11",0.437397104983894
"2011-01-12",0.613574652257576
"2011-01-13",0.226835391781854
"2011-01-14",-1.2944675555981
"2011-01-17",-3.08078281879807
"2011-01-18",0.0856442675637226
"2011-01-19",1.79691089992593
"2011-01-20",-2.96005931617422
"2011-01-21",1.39598861114214
"2011-01-24",-0.72352576549406
"2011-01-25",-0.680687366523625
"2011-01-26",1.16528045625586
"2011-01-27",1.4780849540748
"2011-01-28",0.130867466799689
"2011-01-31",1.36899313760965
"2011-02-01",0.295756229164557
"2011-02-09",-0.893417346227565
"2011-02-10",1.57715525444297
"2011-02-11",0.324676918428057
"2011-02-14",2.50800291437061
"2011-02-15",0.00355368769398012
"2011-02-16",0.846935220510403
"2011-02-17",0.104877410333337
"2011-02-18",-0.932673875144374
"2011-02-21",1.11297068123388
"2011-02-22",-2.65161124342512
"2011-02-23",0.248993093215599
"2011-02-24",0.55625835650952
"2011-02-25",-0.00132308107776424
"2011-02-28",0.915974172691936
"2011-03-01",0.476203081322435
"2011-03-02",-0.175280530314481
"2011-03-03",-0.372373687757488
"2011-03-04",1.34564804320867
"2011-03-07",1.81548733391539
"2011-03-08",0.124445042860266
"2011-03-09",0.0737128536208331
"2011-03-10",-1.5106426839389
"2011-03-11",-0.792650896013125
"2011-03-14",0.13049836950616
"2011-03-15",-1.41831922638591
"2011-03-16",1.18578684485611
"2011-03-17",-1.14981610995786
"2011-03-18",0.330345288673861
"2011-03-21",0.0774396356477247
"2011-03-22",0.343330740928849
"2011-03-23",0.999901483191312
"2011-03-24",-0.0600828174946777
"2011-03-25",1.05015075585726
"2011-03-28",0.207685620215337
"2011-03-29",-0.872695613589336
"2011-03-30",-0.0779833420085474
"2011-03-31",-0.940199527429098
"2011-04-01",1.33319549228732
"2011-04-06",1.13760661005555
"2011-04-07",0.217957676572134
"2011-04-08",0.732441717704901
"2011-04-11",-0.240382799963257
"2011-04-12",-0.0455715361509235
"2011-04-13",0.956173172278518
"2011-04-14",-0.25478176449667
"2011-04-15",0.259007551419188
"2011-04-18",0.222769723074911
"2011-04-19",-1.92491160996227
"2011-04-20",0.266266856934294
"2011-04-21",0.650676663252803
"2011-04-22",-0.535015672994632
"2011-04-25",-1.52513728129824
"2011-04-26",-0.879757389012248
"2011-04-27",-0.462896388028611
"2011-04-28",-1.32011599344866
"2011-04-29",0.843906619321011
"2011-05-03",0.707704755140615
"2011-05-04",-2.28256055280092
"2011-05-05",0.222603586535275
"2011-05-06",-0.296988931976561
"2011-05-09",0.298935296585512
"2011-05-10",0.6307074729202
"2011-05-11",-0.249880406729108
"2011-05-12",-1.37363640006702
"2011-05-13",0.943050222642228
"2011-05-16",-0.767966539336484
"2011-05-17",0.129995041014563
"2011-05-18",0.698558198651078
"2011-05-19",-0.460441385931265
"2011-05-20",-0.0389991111323873
"2011-05-23",-2.9787209855904
"2011-05-24",-0.27115471015744
"2011-05-25",-0.919079783549037
"2011-05-26",-0.190347332787599
"2011-05-27",-0.976054945974969
"2011-05-30",-0.132412612222943
"2011-05-31",1.36192846895797
"2011-06-01",0.00364848545100216
"2011-06-02",-1.40919395009913
"2011-06-03",0.840728948907365
"2011-06-07",0.594997252490082
"2011-06-08",0.217961354827612
"2011-06-09",-1.72157803550137
"2011-06-10",0.0664915981674064
"2011-06-13",-0.176270164407555
"2011-06-14",1.09241766699588
"2011-06-15",-0.905507522369753
"2011-06-16",-1.53266039903661
"2011-06-17",-0.8088780552991
"2011-06-20",-0.819339460194701
"2011-06-21",0.957913368888086
"2011-06-22",0.107184302735952
"2011-06-23",1.4586663118048
"2011-06-24",2.13320600008799
"2011-06-27",0.436704155076129
"2011-06-28",0.0352310288731061
"2011-06-29",-1.11957285855624
"2011-06-30",1.22368007239446
"2011-07-01",-0.0983029139855596
"2011-07-04",1.91873529960462
"2011-07-05",0.125627335255896
"2011-07-06",-0.208820916722896
"2011-07-07",-0.578508247902576
"2011-07-08",0.125387494899076
"2011-07-11",0.175662106696084
"2011-07-12",-1.73146282025218
"2011-07-13",1.4736704483143
"2011-07-14",0.534008802352925
"2011-07-15",0.345428201366005
"2011-07-18",-0.123507035351889
"2011-07-19",-0.702041829329225
"2011-07-20",-0.099364651466427
"2011-07-21",-1.01837320011029
"2011-07-22",0.176856660182967
"2011-07-25",-3.00575432901526
"2011-07-26",0.529689254623644
"2011-07-27",0.754301808621349
"2011-07-28",-0.541758107847201
"2011-07-29",-0.260533852148725
"2011-08-01",0.0759948405593569
"2011-08-02",-0.911161224598533
"2011-08-03",-0.0288899949366872
"2011-08-04",0.207139690555724
"2011-08-05",-2.16998920746194
"2011-08-08",-3.86629012626232
"2011-08-09",-0.0295217429201244
"2011-08-10",0.910541724150349
"2011-08-11",1.26035668839162
"2011-08-12",0.45085130520679
"2011-08-15",1.28727027048976
"2011-08-16",-0.710766366317372
"2011-08-17",-0.265097640919354
"2011-08-18",-1.61953645455553
"2011-08-19",-0.986064250638652
"2011-08-22",-0.732441446699816
"2011-08-23",1.50523131777653
"2011-08-24",-0.507467217479363
"2011-08-25",2.87703544235596
"2011-08-26",-0.117571625061164
"2011-08-29",-1.37900248699738
"2011-08-30",-0.381804843319067
"2011-08-31",0.0290271301319756
"2011-09-01",-0.441041255075092
"2011-09-02",-1.09207240601794
"2011-09-05",-1.97892723457205
"2011-09-06",-0.331972483344334
"2011-09-07",1.82759003025224
"2011-09-08",-0.683825575001862
"2011-09-09",-0.0476388802437278
"2011-09-13",-1.06451760035018
"2011-09-14",0.545667710189779
"2011-09-15",-0.232558904184632
"2011-09-16",0.132546774700604
"2011-09-19",-1.81089692778578
"2011-09-20",0.407731993157245
"2011-09-21",2.62912614965272
"2011-09-22",-2.82128146486178
"2011-09-23",-0.405929021041018
"2011-09-26",-1.65660638574936
"2011-09-27",0.90973055465442
"2011-09-28",-0.956586796836412
"2011-09-29",-1.12327097513312
"2011-09-30",-0.259242122940861
"2011-10-10",-0.613601681836773
"2011-10-11",0.158907473406522
"2011-10-12",2.99838527321281
"2011-10-13",0.77344904888248
"2011-10-14",-0.304508971270057
"2011-10-17",0.370587986514082
"2011-10-18",-2.35990735408773
"2011-10-19",-0.250920008818678
"2011-10-20",-1.96001994503856
"2011-10-21",-0.606246365551577
"2011-10-24",2.26385709062233
"2011-10-25",1.64602330583081
"2011-10-26",0.736298594204055
"2011-10-27",0.334561329285243
"2011-10-28",1.53984424826241
"2011-10-31",-0.20883322475207
"2011-11-01",0.0716462817343277
"2011-11-02",1.3706687030445
"2011-11-03",0.158899502353016
"2011-11-04",0.80232028563989
"2011-11-07",-0.734204629371504
"2011-11-08",-0.23787678201499
"2011-11-09",0.838503009870184
"2011-11-10",-1.81375600905049
"2011-11-11",0.0624153871850552
"2011-11-14",1.90153620082398
"2011-11-15",0.0413909328353945
"2011-11-16",-2.51386147922776
"2011-11-17",-0.158745758489687
"2011-11-18",-1.90528800812828
"2011-11-21",-0.0592806442572424
"2011-11-22",-0.103770107865131
"2011-11-23",-0.730542812957502
"2011-11-24",0.103909398395796
"2011-11-25",-0.725438047741278
"2011-11-28",0.117978715084899
"2011-11-29",1.22447893864761
"2011-11-30",-3.32867700572663
"2011-12-01",2.26462812217676
"2011-12-02",-1.10357773550609
"2011-12-05",-1.16898152678324
"2011-12-06",-0.314392373380734
"2011-12-07",0.293002386730024
"2011-12-08",-0.124820638828549
"2011-12-09",-0.626472051612836
"2011-12-12",-1.03000915173261
"2011-12-13",-1.8922836280221
"2011-12-14",-0.896350457311801
"2011-12-15",-2.16045354970724
"2011-12-16",1.9949690296114
"2011-12-19",-0.297315961383049
"2011-12-20",-0.103973360819509
"2011-12-21",-1.12465651306897
"2011-12-22",-0.221684305117886
"2011-12-23",0.842077481933501
"2011-12-26",-0.667769615552949
"2011-12-27",-1.09749951195415
"2011-12-28",0.175630559343887
"2011-12-29",0.163372228050385
"2011-12-30",1.18254691203319
"2012-01-04",-1.37463488869702
"2012-01-05",-0.969843458951569
"2012-01-06",0.693121814750697
"2012-01-09",2.84780312896107
"2012-01-10",2.65347400316891
"2012-01-11",-0.425184545896329
"2012-01-12",-0.0455229748362207
"2012-01-13",-1.34659963560813
"2012-01-16",-1.72499982394889
"2012-01-17",4.09338936942056
"2012-01-18",-1.40167270760561
"2012-01-19",1.30154976724608
"2012-01-20",0.99857843964255
"2012-01-30",-1.48042144437399
"2012-01-31",0.330826117989336
"2012-02-01",-1.07572602185098
"2012-02-02",1.94196735422878
"2012-02-03",0.768871811475602
"2012-02-06",0.031361174497313
"2012-02-07",-1.69736122512116
"2012-02-08",2.39816397716002
"2012-02-09",0.0876742560929955
"2012-02-10",0.101746700431971
"2012-02-13",-0.00539785094852974
"2012-02-14",-0.3016214140934
"2012-02-15",0.930964344282614
"2012-02-16",-0.41671142323727
"2012-02-17",0.0136104458775321
"2012-02-20",0.271820457509087
"2012-02-21",0.751653994906309
"2012-02-22",0.926105009635414
"2012-02-23",0.247948033079926
"2012-02-24",1.24034900416623
"2012-02-27",0.304089152141085
"2012-02-28",0.195963869275317
"2012-02-29",-0.957721490670682
"2012-03-01",-0.0977246399956222
"2012-03-02",1.41518559148119
"2012-03-05",-0.639714262456703
"2012-03-06",-1.42345157287114
"2012-03-07",-0.651421429980381
"2012-03-08",1.05843415869051
"2012-03-09",0.789595467835191
"2012-03-12",-0.18890862870764
"2012-03-13",0.856170650038646
"2012-03-14",-2.66422386025731
"2012-03-15",-0.732680704322419
"2012-03-16",1.29590986499331
"2012-03-19",0.226296600446751
"2012-03-20",-1.39316268092298
"2012-03-21",0.0570324832886548
"2012-03-22",-0.101939924653927
"2012-03-23",-1.11032604221162
"2012-03-26",0.0451075256290068
"2012-03-27",-0.145607840512874
"2012-03-28",-2.69001726323435
"2012-03-29",-1.44242730945701
"2012-03-30",0.470800267736404
"2012-04-05",1.72852627438047
"2012-04-06",0.187078755167658
"2012-04-09",-0.904771555340744
"2012-04-10",0.874897183702572
"2012-04-11",0.132704357916236
"2012-04-12",1.80008566425203
"2012-04-13",0.352307418862363
"2012-04-16",-0.0905396775349843
"2012-04-17",-0.939509058678567
"2012-04-18",1.9451171799818
"2012-04-19",-0.0930297536929636
"2012-04-20",1.17978680243693
"2012-04-23",-0.762190448675604
"2012-04-24",0.0103023348850151
"2012-04-25",0.749808663501828
"2012-04-26",-0.0879543898880897
"2012-04-27",-0.349139301233592
"2012-05-02",1.7424340718982
"2012-05-03",0.0673993084845392
"2012-05-04",0.487883580586512
"2012-05-07",-0.00272820280846631
"2012-05-08",-0.124998734503112
"2012-05-09",-1.65925964708755
"2012-05-10",0.0681937813943101
"2012-05-11",-0.634607777546226
"2012-05-14",-0.597058331115896
"2012-05-15",-0.247376669039223
"2012-05-16",-1.21377940565361
"2012-05-17",1.38387614324165
"2012-05-18",-1.45511900587252
"2012-05-21",0.161056804878967
"2012-05-22",1.05921980872399
"2012-05-23",-0.416696048175069
"2012-05-24",-0.528767810756658
"2012-05-25",-0.743725266768003
"2012-05-28",1.18486746798956
"2012-05-29",1.19003827366138
"2012-05-30",-0.208114893393496
"2012-05-31",-0.522781873374889
"2012-06-01",0.0506629430816474
"2012-06-04",-2.77190659518922
"2012-06-05",0.145698184905463
"2012-06-06",-0.102178905027905
"2012-06-07",-0.713719030685844
"2012-06-08",-0.510774554444637
"2012-06-11",1.06420554660396
"2012-06-12",-0.69914014421828
"2012-06-13",1.26427620252549
"2012-06-14",-0.995833742162411
"2012-06-15",0.473802143733515
"2012-06-18",0.398101277247509
"2012-06-19",-0.660933134281105
"2012-06-20",-0.344734106265854
"2012-06-21",-1.40545701010666
"2012-06-25",-1.63941299579298
"2012-06-26",-0.0920843837240781
"2012-06-27",-0.231259930518934
"2012-06-28",-0.955916155562697
"2012-06-29",1.33840891532442
"2012-07-02",0.0305590873869832
"2012-07-03",0.138342518200929
"2012-07-04",-0.0842343198407924
"2012-07-05",-1.17246140802889
"2012-07-06",1.00459221854878
"2012-07-09",-2.40159094813057
"2012-07-10",-0.294145838179549
"2012-07-11",0.504402927774272
"2012-07-12",0.463573496779723
"2012-07-13",0.018486265104567
"2012-07-16",-1.75091017933182
"2012-07-17",0.614089825883646
"2012-07-18",0.36547684612307
"2012-07-19",0.723115657362428
"2012-07-20",-0.744379371384696
"2012-07-23",-1.26384911915487
"2012-07-24",0.241875262727564
"2012-07-25",-0.487399919639842
"2012-07-26",-0.476143766815618
"2012-07-27",0.12978319236483
"2012-07-30",-0.889473087224335
"2012-07-31",-0.298041273008121
"2012-08-01",0.933298460618293
"2012-08-02",-0.575186435666009
"2012-08-03",1.01858214051616
"2012-08-06",1.03180039554251
"2012-08-07",0.125406548304596
"2012-08-08",0.156062881365404
"2012-08-09",0.604928378037339
"2012-08-10",-0.243527095341101
"2012-08-13",-1.52090766506419
"2012-08-14",0.301315717975204
"2012-08-15",-1.10661833540346
"2012-08-16",-0.318970744985947
"2012-08-17",0.127468000636721
"2012-08-20",-0.375858679410523
"2012-08-21",0.535406363471314
"2012-08-22",-0.499630970791021
"2012-08-23",0.25403276762237
"2012-08-24",-0.997256269464231
"2012-08-27",-1.75499420201355
"2012-08-28",0.845082667816932
"2012-08-29",-0.965449449704892
"2012-08-30",-0.0316694835460929
"2012-08-31",-0.246968708617246
"2012-09-03",0.566153795409363
"2012-09-04",-0.755484729610512
"2012-09-05",-0.292454770363459
"2012-09-06",0.696253912281009
"2012-09-07",3.62957553415777
"2012-09-10",0.334585351338657
"2012-09-11",-0.673920516411641
"2012-09-12",0.282545398833278
"2012-09-13",-0.763530039838134
"2012-09-14",0.636152343330032
"2012-09-17",-2.15825513921439
"2012-09-18",-0.916238123230873
"2012-09-19",0.401615995645344
"2012-09-20",-2.10110371639507
"2012-09-21",0.0914670019328767
"2012-09-24",0.320308896978716
"2012-09-25",-0.191953900661801
"2012-09-26",-1.2456434867234
"2012-09-27",2.5688429062515
"2012-09-28",1.44099077834312
"2012-10-08",-0.564825527006452
"2012-10-09",1.94819947978413
"2012-10-10",0.22255975297103
"2012-10-11",-0.808659105716192
"2012-10-12",0.0981018708673176
"2012-10-15",-0.29636297660991
"2012-10-16",0.00501363786176157
"2012-10-17",0.32393581974679
"2012-10-18",1.23051757509414
"2012-10-19",-0.158966885884482
"2012-10-22",0.209152490822007
"2012-10-23",-0.862268203050576
"2012-10-24",0.072946084029013
"2012-10-25",-0.683330346101485
"2012-10-26",-1.69739603976771
"2012-10-29",-0.352271932741921
"2012-10-30",0.165181763075672
"2012-10-31",0.31627236900178
"2012-11-01",1.70358805072839
"2012-11-02",0.597845059492119
"2012-11-05",-0.142696593212843
"2012-11-06",-0.380475686673964
"2012-11-07",-0.0127758932340072
"2012-11-08",-1.63848477326383
"2012-11-09",-0.117961284886459
"2012-11-12",0.492055857336826
"2012-11-13",-1.5208763813197
"2012-11-14",0.367016830498734
"2012-11-15",-1.23010341478391
"2012-11-16",-0.769596145672491
"2012-11-19",0.111966480594106
"2012-11-20",-0.400361792184967
"2012-11-21",1.05941641593015
"2012-11-22",-0.727055240058938
"2012-11-23",0.58239519423271
"2012-11-26",-0.49050366467247
"2012-11-27",-1.31213575212152
"2012-11-28",-0.889966953116694
"2012-11-29",-0.509774230607629
"2012-11-30",0.843340275781301
"2012-12-03",-1.03303327871203
"2012-12-04",0.781520014644155
"2012-12-05",2.83339796507747
"2012-12-06",-0.131486170221606
"2012-12-07",1.59126532455014
"2012-12-10",1.06062190782392
"2012-12-11",-0.436022064685204
"2012-12-12",0.385910604201634
"2012-12-13",-1.02553811249306
"2012-12-14",4.23362305841959
"2012-12-17",0.450806390487646
"2012-12-18",0.0981802142332455
"2012-12-19",-0.0104098243831174
"2012-12-20",0.282364028028415
"2012-12-21",-0.696168509921247
"2012-12-24",0.266346935285799
"2012-12-25",2.49554667991729
"2012-12-26",0.249100778033284
"2012-12-27",-0.59819478282348
"2012-12-28",1.23245814514865
"2012-12-31",1.5936787764578
"2013-01-04",0.345966277333609
"2013-01-07",0.367006891883914
"2013-01-08",-0.40750161874552
"2013-01-09",-0.0320770917689117
"2013-01-10",0.364856704162531
"2013-01-11",-1.79651482519123
"2013-01-14",3.01875341622519
"2013-01-15",0.601279649773367
"2013-01-16",-0.69826520578351
"2013-01-17",-1.07044572551747
"2013-01-18",1.39773152236824
"2013-01-21",0.480094804916664
"2013-01-22",-0.563474122151764
"2013-01-23",0.249004054102553
"2013-01-24",-0.792172594582308
"2013-01-25",-0.49169390684769
"2013-01-28",2.38058690458027
"2013-01-29",0.530113488169537
"2013-01-30",0.991183234190185
"2013-01-31",0.123619333268721
"2013-02-01",1.39864099626967
"2013-02-04",0.37688119609669
"2013-02-05",0.204712656294248
"2013-02-06",0.0553523755169039
"2013-02-07",-0.657204044228532
"2013-02-08",0.571935803068513
"2013-02-18",-0.446810957766797
"2013-02-19",-1.60870430905122
"2013-02-20",0.596806848576836
"2013-02-21",-3.01632467144639
"2013-02-22",-0.508043028036642
"2013-02-25",0.502374820044071
"2013-02-26",-1.40625404297943
"2013-02-27",0.863074655769047
"2013-02-28",2.2388257321305
"2013-03-01",-0.257641891096139
"2013-03-04",-3.71740281085504
"2013-03-05",2.30032711547059
"2013-03-06",0.893260014845776
"2013-03-07",-0.979826892744473
"2013-03-08",-0.244755772318417
"2013-03-11",-0.346412637745441
"2013-03-12",-1.0436033306835
"2013-03-13",-0.994914211335196
"2013-03-14",0.278286061182698
"2013-03-15",0.357193350459806
"2013-03-18",-1.69907688878475
"2013-03-19",0.774574718100762
"2013-03-20",2.62062732449637
"2013-03-21",0.295886028263403
"2013-03-22",0.173503133614794
"2013-03-25",-0.0671531838467132
"2013-03-26",-1.25623325303543
"2013-03-27",0.156169654499649
"2013-03-28",-2.86331936867166
"2013-03-29",0.0142677168237348
"2013-04-01",-0.0995779987002621
"2013-04-02",-0.298289268235674
"2013-04-03",-0.109815812992231
"2013-04-08",-0.617681932468539
"2013-04-09",0.639205032569112
"2013-04-10",0.0158157644333912
"2013-04-11",-0.295702989558766
"2013-04-12",-0.577136217768004
"2013-04-15",-1.13196425691804
"2013-04-16",0.589660573612161
"2013-04-17",-0.0478085608413004
"2013-04-18",0.173345891093835
"2013-04-19",2.11797288186313
"2013-04-22",-0.110284150291928
"2013-04-23",-2.60392724944554
"2013-04-24",1.53448989893761
"2013-04-25",-0.860704444783789
"2013-04-26",-0.977558875011475
"2013-05-02",-0.17412832486734
"2013-05-03",1.43275256116748
"2013-05-06",1.15714138844227
"2013-05-07",0.197411780285783
"2013-05-08",0.47859962503205
"2013-05-09",-0.595147797712947
"2013-05-10",0.618784143511952
"2013-05-13",-0.21881966653039
"2013-05-14",-1.11731610608317
"2013-05-15",0.35062832544277
"2013-05-16",1.2066357643377
"2013-05-17",1.3701387925984
"2013-05-20",0.746959792373758
"2013-05-21",0.222706651770554
"2013-05-22",-0.117674585242877
"2013-05-23",-1.16802004175014
"2013-05-24",0.563736337697218
"2013-05-27",0.198398580232251
"2013-05-28",1.22406354485536
"2013-05-29",0.116201530550164
"2013-05-30",-0.270072668777743
"2013-05-31",-0.742869344947295
"2013-06-03",-0.0583940318167997
"2013-06-04",-1.17398129780781
"2013-06-05",-0.0654609950760054
"2013-06-06",-1.27719747732744
"2013-06-07",-1.40186897335166
"2013-06-13",-2.86963210718882
"2013-06-14",0.635026665970528
"2013-06-17",-0.26982797659203
"2013-06-18",0.142552388839778
"2013-06-19",-0.736134029862257
"2013-06-20",-2.81193954873515
"2013-06-21",-0.525655297813366
"2013-06-24",-5.44490305072802
"2013-06-25",-0.190016479870092
"2013-06-26",-0.409770747088256
"2013-06-27",-0.0760235512785812
"2013-06-28",1.48602745396698
"2013-07-01",0.806953570706082
"2013-07-02",0.565652482179591
"2013-07-03",-0.614480485966507
"2013-07-04",0.591451511520358
"2013-07-05",0.0548652655629311
"2013-07-08",-2.46772690748003
"2013-07-09",0.366031487375817
"2013-07-10",2.14786862040812
"2013-07-11",3.17905385798163
"2013-07-12",-1.62946792989676
"2013-07-15",0.971197379613731
"2013-07-16",0.306904939616715
"2013-07-17",-1.01191743935107
"2013-07-18",-1.05823595507974
"2013-07-19",-1.53129040660342
"2013-07-22",0.606095014061658
"2013-07-23",1.9322661871283
"2013-07-24",-0.517365285262272
"2013-07-25",-0.599583506403167
"2013-07-26",-0.512099965245216
"2013-07-29",-1.73280455011717
"2013-07-30",0.693732062010177
"2013-07-31",0.187505753786699
"2013-08-01",1.75342508956646
"2013-08-02",0.0172947295399517
"2013-08-05",1.03253416388522
"2013-08-06",0.487429299305209
"2013-08-07",-0.668184486548906
"2013-08-08",-0.0920373717490541
"2013-08-09",0.358304209300719
"2013-08-12",2.36185957362531
"2013-08-13",0.231639684828533
"2013-08-14",-0.286192481249614
"2013-08-15",-0.87312876339114
"2013-08-16",-0.64708204275048
"2013-08-19",0.825711202933199
"2013-08-20",-0.625613570260519
"2013-08-21",0.0176558709608088
"2013-08-22",-0.281970970272916
"2013-08-23",-0.468703622468603
"2013-08-26",1.87856995196745
"2013-08-27",0.337701720643757
"2013-08-28",-0.107727224178067
"2013-08-29",-0.194066835084516
"2013-08-30",0.0550589434389792
"2013-09-02",0.00314132327394745
"2013-09-03",1.16849426687002
"2013-09-04",0.212004089076512
"2013-09-05",-0.244137984206638
"2013-09-06",0.824089397274985
"2013-09-09",3.33278599682201
"2013-09-10",1.14450295466186
"2013-09-11",0.146639645323088
"2013-09-12",0.637598150160734
"2013-09-13",-0.863217086770707
"2013-09-16",-0.215603211908011
"2013-09-17",-2.07574694882773
"2013-09-18",0.287431047257947
"2013-09-23",1.32309047646553
"2013-09-24",-0.610263169846803
"2013-09-25",-0.409261537046568
"2013-09-26",-1.96159866022425
"2013-09-27",0.195467073592237
"2013-09-30",0.675387970951391
"2013-10-08",1.07637297387724
"2013-10-09",0.615428990660849
"2013-10-10",-0.946703301391327
"2013-10-11",1.68442134911837
"2013-10-14",0.431130436095284
"2013-10-15",-0.195064231347253
"2013-10-16",-1.82263085963417
"2013-10-17",-0.206863616083997
"2013-10-18",0.239053153527191
"2013-10-21",1.60333052503701
"2013-10-22",-0.837186194277084
"2013-10-23",-1.25384786277261
"2013-10-24",-0.864190311237767
"2013-10-25",-1.45987793496589
"2013-10-28",0.042833640175477
"2013-10-29",-0.234820449952622
"2013-10-30",1.47339894342329
"2013-10-31",-0.876274321746351
"2013-11-01",0.37043491297073
"2013-11-04",0.00335044037322874
"2013-11-05",0.353201178695883
"2013-11-06",-0.820748576625707
"2013-11-07",-0.478193258636406
"2013-11-08",-1.09895104046434
"2013-11-11",0.158648655811611
"2013-11-12",0.816814451781145
"2013-11-13",-1.84269509042556
"2013-11-14",0.59999439548033
"2013-11-15",1.66755627632078
"2013-11-18",2.83385867265409
"2013-11-19",-0.186499973225196
"2013-11-20",0.613131015581025
"2013-11-21",-0.0383885419457108
"2013-11-22",-0.426528398038961
"2013-11-25",-0.468361681272267
"2013-11-26",-0.139247498614647
"2013-11-27",0.821012034580448
"2013-11-28",0.828066786460724
"2013-11-29",0.0509850288898051
"2013-12-02",-0.593189758478374
"2013-12-03",0.690688359948144
"2013-12-04",1.30038635979028
"2013-12-05",-0.208897957132148
"2013-12-06",-0.444010479592105
"2013-12-09",0.0488029452093031
"2013-12-10",-0.0316379242661924
"2013-12-11",-1.50063569487591
"2013-12-12",-0.0621797088734333
"2013-12-13",-0.305576247202932
"2013-12-16",-1.6164861500739
"2013-12-17",-0.453716812336946
"2013-12-18",-0.129981568636861
"2013-12-19",-0.95849898650977
"2013-12-20",-2.04147955525462
"2013-12-23",0.235385656715259
"2013-12-24",0.152918730081186
"2013-12-25",0.640542575629688
"2013-12-26",-1.59138450990142
"2013-12-27",1.34882231477738
"2013-12-30",-0.177286018712586
"2013-12-31",0.875711921184852
"2014-01-02",-0.311976331581132
"2014-01-03",-1.25233910619746
"2014-01-06",-1.81295544951334
"2014-01-07",0.0785742911157072
"2014-01-08",-0.145518137894207
"2014-01-09",-0.821133020821918
"2014-01-10",-0.708949163610306
"2014-01-13",-0.185639483977607
"2014-01-14",0.856117125249334
"2014-01-15",-0.172536093981801
"2014-01-16",0.0174461932441972
"2014-01-17",-0.930942639005128
"2014-01-20",-0.685449661036497
"2014-01-21",0.853094525433029
"2014-01-22",2.13975511478344
"2014-01-23",-0.467472017512449
"2014-01-24",0.596209305993334
"2014-01-27",-1.03198712005925
"2014-01-28",0.256047753831368
"2014-01-29",0.557728121259515
"2014-01-30",-0.824450767109841
"2014-02-07",0.559840392319799
"2014-02-10",2.01286565807255
"2014-02-11",0.840344072397237
"2014-02-12",0.298279187332451
"2014-02-13",-0.549108875292337
"2014-02-14",0.828006204410237
"2014-02-17",0.920539494076689
"2014-02-18",-0.768563857373117
"2014-02-19",1.10231674977452
"2014-02-20",-0.17620546630539
"2014-02-21",-1.17997907247878
"2014-02-24",-1.76633382490401
"2014-02-25",-2.06614122356283
"2014-02-26",0.34523801038695
"2014-02-27",0.298389108383024
"2014-02-28",0.436099525311384
"2014-03-03",0.916522690428678
"2014-03-04",-0.181455170025657
"2014-03-05",-0.891685500254891
"2014-03-06",0.315800452851711
"2014-03-07",-0.0811136774454546
"2014-03-10",-2.90103711598011
"2014-03-11",0.104596256457778
"2014-03-12",-0.173298159947421
"2014-03-13",1.06647740120005
"2014-03-14",-0.734297160610708
"2014-03-17",0.959983915509532
"2014-03-18",0.0752343958124513
"2014-03-19",-0.171094474001166
"2014-03-20",-1.40742079240956
"2014-03-21",2.67963084393337
"2014-03-24",0.907176679890309
"2014-03-25",0.0499315122917565
"2014-03-26",-0.176283259633525
"2014-03-27",-0.831189069668881
"2014-03-28",-0.23853333921231
"2014-03-31",-0.412563467791927
"2014-04-01",0.693692693458026
"2014-04-02",0.561463644005311
"2014-04-03",-0.745173605568272
"2014-04-04",0.737549084113187
"2014-04-08",1.89814646156767
"2014-04-09",0.330824151775566
"2014-04-10",1.37106681800683
"2014-04-11",-0.176234333489322
"2014-04-14",0.0467879894972434
"2014-04-15",-1.41448131575403
"2014-04-16",0.167398552350217
"2014-04-17",-0.296719984404259
"2014-04-18",-0.0541845337619584
"2014-04-21",-1.53342991886758
"2014-04-22",0.338522072184588
"2014-04-23",-0.263222108063843
"2014-04-24",-0.501847783137865
"2014-04-25",-1.00226344816114
"2014-04-28",-1.63528060345977
"2014-04-29",0.837708746409849
"2014-04-30",0.297382853188832
"2014-05-05",0.049090574315791
"2014-05-06",0.0337790860625908
"2014-05-07",-0.889278674412264
"2014-05-08",0.257917139046526
"2014-05-09",-0.205594583080071
"2014-05-12",2.05401026859739
"2014-05-13",-0.104448174962535
"2014-05-14",-0.137508772528605
"2014-05-15",-1.12629170253609
"2014-05-16",0.0755294271640672
"2014-05-19",-1.05768348117774
"2014-05-20",0.146315254736873
"2014-05-21",0.834705494352672
"2014-05-22",-0.181206282927082
"2014-05-23",0.655052350863539
"2014-05-26",0.338906402807826
"2014-05-27",-0.339104430205683
"2014-05-28",0.766901181513369
"2014-05-29",-0.470960186255098
"2014-05-30",-0.067794140781352
"2014-06-03",-0.0444869755265032
"2014-06-04",-0.66308926338996
"2014-06-05",0.789241891226045
"2014-06-06",-0.536598786395093
"2014-06-09",0.0268884939686131
"2014-06-10",1.07911142204378
"2014-06-11",0.117639832227745
"2014-06-12",-0.157554166592266
"2014-06-13",0.921899990956998
"2014-06-16",0.734616306951619
"2014-06-17",-0.928800024109222
"2014-06-18",-0.542377186516774
"2014-06-19",-1.55835851379367
"2014-06-20",0.14511944660125
"2014-06-23",-0.113993485830743
"2014-06-24",0.471432230168656
"2014-06-25",-0.415284063037547
"2014-06-26",0.648352117271145
"2014-06-27",-0.106350564912283
"2014-06-30",0.578575214281862
"2014-07-01",0.100236472956095
"2014-07-02",0.439772329686683
"2014-07-03",0.184882970117162
"2014-07-04",-0.186969455178421
"2014-07-07",0.0268007542557847
"2014-07-08",0.198547379690428
"2014-07-09",-1.23868059984051
"2014-07-10",-0.0132461633679526
"2014-07-11",0.421953112167106
"2014-07-14",0.957071785964914
"2014-07-15",0.17940228992348
"2014-07-16",-0.148928419157635
"2014-07-17",-0.566831112785326
"2014-07-18",0.16894876130209
"2014-07-21",-0.223062681928177
"2014-07-22",1.01706235593673
"2014-07-23",0.144828082378368
"2014-07-24",1.27037319287204
"2014-07-25",1.01861239920389
"2014-07-28",2.38520981177865
"2014-07-29",0.240482977197232
"2014-07-30",-0.0893116846585329
"2014-07-31",0.927225276612464
"2014-08-01",-0.741263179158391
"2014-08-04",1.72520644286651
"2014-08-05",-0.152409508736362
"2014-08-06",-0.111776021193499
"2014-08-07",-1.35281229545727
"2014-08-08",0.308350727407714
"2014-08-11",1.3681346190431
"2014-08-12",-0.137602840784457
"2014-08-13",0.057688834915659
"2014-08-14",-0.741011207762021
"2014-08-15",0.914371760163224
"2014-08-18",0.570158597072545
"2014-08-19",0.261506528105926
"2014-08-20",-0.228250826566168
"2014-08-21",-0.436308104652117
"2014-08-22",0.463135639807
"2014-08-25",-0.516236680198912
"2014-08-26",-0.999380309555153
"2014-08-27",0.106830896654131
"2014-08-28",-0.61957499788301
"2014-08-29",0.969042183849655
"2014-09-01",0.822471455309426
"2014-09-02",1.35665864590448
"2014-09-03",0.991563642537319
"2014-09-04",0.793613199883669
"2014-09-05",0.844752808880944
"2014-09-09",0.00409266448819778
"2014-09-10",-0.354035475620407
"2014-09-11",-0.286220500337286
"2014-09-12",0.873072554857313
"2014-09-15",0.307848828364765
"2014-09-16",-1.83731503305395
"2014-09-17",0.492487130770503
"2014-09-18",0.347544639354691
"2014-09-19",0.582212451117936
"2014-09-22",-1.71393004292471
"2014-09-23",0.86321607937716
"2014-09-24",1.45520734213278
"2014-09-25",0.0651815313942095
"2014-09-26",0.111446451743369
"2014-09-29",0.424740660905254
"2014-09-30",0.260894917268217
"2014-10-08",0.797356965397711
"2014-10-09",0.27564650890044
"2014-10-10",-0.622643978898374
"2014-10-13",-0.359916755618617
"2014-10-14",-0.276540518722257
"2014-10-15",0.599806956983961
"2014-10-16",-0.726019498389174
"2014-10-17",-0.652023344922359
"2014-10-20",0.661740848354775
"2014-10-21",-0.72698980824466
"2014-10-22",-0.561656571716096
"2014-10-23",-1.04279024329408
"2014-10-24",-0.00599127239624409
"2014-10-27",-0.515731456747925
"2014-10-28",2.04980920776467
"2014-10-29",1.49269054477861
"2014-10-30",0.757581190330736
"2014-10-31",1.20976387828966
"2014-11-03",0.444966170800765
"2014-11-04",-0.00962155686003996
"2014-11-05",-0.42633671523804
"2014-11-06",0.223394931252674
"2014-11-07",-0.275052713326396
"2014-11-10",2.20914437762465
"2014-11-11",-0.104702686757108
"2014-11-12",0.95394576406429
"2014-11-13",-0.30540235592369
"2014-11-14",-0.301453372956217
"2014-11-17",-0.164097396820129
"2014-11-18",-0.713253181790829
"2014-11-19",-0.259216073028679
"2014-11-20",0.0591360084976955
"2014-11-21",1.39662351852605
"2014-11-24",1.86330282671801
"2014-11-25",1.32155544954058
"2014-11-26",1.441886949255
"2014-11-27",0.96120158070212
"2014-11-28",1.9904062653552
"2014-12-01",-0.0812488320481641
"2014-12-02",3.03388596464957
"2014-12-03",0.592425765510995
"2014-12-04",4.24795884370814
"2014-12-05",1.31592937406699
"2014-12-08",2.77664438107612
"2014-12-09",-5.49680318505494
"2014-12-10",2.79145366852349
"2014-12-11",-0.515938202881916
"2014-12-12",0.423955410828647
"2014-12-15",0.517613265924854
"2014-12-16",2.27952510060208
"2014-12-17",1.29888243371479
"2014-12-18",-0.114374468432388
"2014-12-19",1.6566704659601
"2014-12-22",0.604523875257179
"2014-12-23",-3.07920845238883
"2014-12-24",-2.00102056736959
"2014-12-25",3.3090484962349
"2014-12-26",2.7308610224722
"2014-12-29",0.32923561079734
"2014-12-30",-0.0695052352943648
"2014-12-31",2.15185703852363
"2015-01-05",3.51861938984648
"2015-01-06",0.0276635880295473
"2015-01-07",0.669347266865294
"2015-01-08",-2.41478945318327
"2015-01-09",-0.24453902428192
"2015-01-12",-1.72217711075451
"2015-01-13",0.185165146297983
"2015-01-14",-0.398406684877628
"2015-01-15",3.47709801363045
"2015-01-16",1.19293343981379
"2015-01-19",-8.01754340334089
"2015-01-20",1.80311115469252
"2015-01-21",4.63579663679887
"2015-01-22",0.59196341936012
"2015-01-23",0.25152474171346
"2015-01-26",0.93299034117198
"2015-01-27",-0.897312659745353
"2015-01-28",-1.41837685638535
"2015-01-29",-1.32257776988887
"2015-01-30",-1.60499535176832
"2015-02-02",-2.58942847096826
"2015-02-03",2.41933254985121
"2015-02-04",-0.965075556181993
"2015-02-05",-1.19148975657257
"2015-02-06",-1.95176027828232
"2015-02-09",0.622816612120758
"2015-02-10",1.49020244593725
"2015-02-11",0.511521168869145
"2015-02-12",0.496340172445464
"2015-02-13",0.953738752001065
"2015-02-16",0.576895005539768
"2015-02-17",0.758759191643321
"2015-02-25",-0.557867044529736
"2015-02-26",2.13011635001585
"2015-02-27",0.361468183642444
"2015-03-02",0.781816648441769
"2015-03-03",-2.21949317733507
"2015-03-04",0.503806735667034
"2015-03-05",-0.951503564294853
"2015-03-06",-0.224636162726455
"2015-03-09",1.8712262488993
"2015-03-10",-0.496013867765299
"2015-03-11",0.146930556960889
"2015-03-12",1.75971814452449
"2015-03-13",0.701790155085824
"2015-03-16",2.23966049445448
"2015-03-17",1.54033029562761
"2015-03-18",2.10325677366328
"2015-03-19",0.138834326513404
"2015-03-20",0.973594334291761
"2015-03-23",1.92776585234462
"2015-03-24",0.0997917462983722
"2015-03-25",-0.834669954793199
"2015-03-26",0.582010029747515
"2015-03-27",0.244154276525244
"2015-03-30",2.55366797555592
"2015-03-31",-1.02647017546627
"2015-04-01",1.65109405180246
"2015-04-02",0.405705978596593
"2015-04-03",0.992113292684316
"2015-04-07",2.49073970687466
"2015-04-08",0.840435086124813
"2015-04-09",-0.937518987725738
"2015-04-10",1.92142101593813
"2015-04-13",2.14340030297908
"2015-04-14",0.335464229123339
"2015-04-15",-1.25071109131838
"2015-04-16",2.67343712181294
"2015-04-17",2.18050037617754
"2015-04-20",-1.65139382746879
"2015-04-21",1.79886405034857
"2015-04-22",2.41313320419518
"2015-04-23",0.363410554260568
"2015-04-24",-0.472782891566048
"2015-04-27",2.99784206020544
"2015-04-28",-1.13691504895854
"2015-04-29",0.00905351214548489
"2015-04-30",-0.784131719224135
"2015-05-04",0.869957647457298
"2015-05-05",-4.14125228349711
"2015-05-06",-1.62855777115407
"2015-05-07",-2.80669450038129
"2015-05-08",2.25308042124066
"2015-05-11",2.99025681121829
"2015-05-12",1.54866925025274
"2015-05-13",-0.580143655239596
"2015-05-14",0.0582876042525271
"2015-05-15",-1.602891491736
"2015-05-18",-0.586574606437118
"2015-05-19",3.0817261131773
"2015-05-20",0.648396838910337
"2015-05-21",1.85246998238782
"2015-05-22",2.79051662678924
"2015-05-25",3.2986870582576
"2015-05-26",1.9970261225696
"2015-05-27",0.625559965690847
"2015-05-28",-6.72599040196378
"2015-05-29",-0.184617958300493
"2015-06-01",4.59789829434616
"2015-06-02",1.67961314821987
"2015-06-03",-0.0111771850258791
"2015-06-04",0.753249425511271
"2015-06-05",1.52445537952648
"2015-06-08",2.14257164741998
"2015-06-09",-0.35814456595169
"2015-06-10",-0.146739013789698
"2015-06-11",0.304208377916204
"2015-06-12",0.870098287509435
"2015-06-15",-2.02086192258619
"2015-06-16",-3.52908042337763
"2015-06-17",1.63297641880806
"2015-06-18",-3.74363904377848
"2015-06-19",-6.63026625122516
"2015-06-23",2.16750570564308
"2015-06-24",2.45317371343976
"2015-06-25",-3.52330538890921
"2015-06-26",-7.68452997420113
"2015-06-29",-3.39214336647977
"2015-06-30",5.38390160184026
"2015-07-01",-5.36737404996241
"2015-07-02",-3.53852128662346
"2015-07-03",-5.9454743760174
"2015-07-06",2.38518962033503
"2015-07-07",-1.30048128199967
"2015-07-08",-6.08214716056192
"2015-07-09",5.60356009780847
"2015-07-10",4.44174623869582
"2015-07-13",2.35950568237175
"2015-07-14",-1.16281499584954
"2015-07-15",-3.07349577206377
"2015-07-16",0.45807974591181
"2015-07-17",3.44936302770584
"2015-07-20",0.874481236834335
"2015-07-21",0.638344932178825
"2015-07-22",0.208109582406557
"2015-07-23",2.40203737707052
"2015-07-24",-1.29387985752665
"2015-07-27",-8.86493928697227
"2015-07-28",-1.69336504881716
"2015-07-29",3.38634447819341
"2015-07-30",-2.22564462379538
"2015-07-31",-1.14093329558251
"2015-08-03",-1.12044843439545
"2015-08-04",3.62234330172893
"2015-08-05",-1.66346456161701
"2015-08-06",-0.898141757085824
"2015-08-07",2.23257641815522
"2015-08-10",4.80267143482145
"2015-08-11",-0.0129088379088316
"2015-08-12",-1.06442462427481
"2015-08-13",1.74055967466114
"2015-08-14",0.272202226869744
"2015-08-17",0.711976812548798
"2015-08-18",-6.34439621919238
"2015-08-19",1.21834339927975
"2015-08-20",-3.48147014681146
"2015-08-21",-4.36618032783809
"2015-08-24",-8.87317154206944
"2015-08-25",-7.93754343552724
"2015-08-26",-1.27894898592551
"2015-08-27",5.20184211788255
"2015-08-28",4.71146095061528
"2015-08-31",-0.818974362680436
"2015-09-01",-1.23536701399285
"2015-09-02",-0.204117165449702
"2015-09-07",-2.55589457682142
"2015-09-08",2.88082081919097
"2015-09-09",2.26521707043243
"2015-09-10",-1.40341288210823
"2015-09-11",0.0731720743159414
"2015-09-14",-2.70595633769535
"2015-09-15",-3.58294895609923
"2015-09-16",4.77857443655889
"2015-09-17",-2.12250564747034
"2015-09-18",0.383441579982602
"2015-09-21",1.87465557891091
"2015-09-22",0.917008263868446
"2015-09-23",-2.21324217347139
"2015-09-24",0.856400602422447
"2015-09-25",-1.61478453436956
"2015-09-28",0.271566131872447
"2015-09-29",-2.04014998315252
"2015-09-30",0.480849398750216
"2015-10-08",2.9238335691165
"2015-10-09",1.25806161521727
"2015-10-12",3.23047747439098
"2015-10-13",0.169213299754745
"2015-10-14",-0.93931769485831
"2015-10-15",2.29180307246803
"2015-10-16",1.58349831977986
"2015-10-19",-0.137269549691332
"2015-10-20",1.13418587241689
"2015-10-21",-3.10294560210753
"2015-10-22",1.43701103313685
"2015-10-23",1.2887349174898
"2015-10-26",0.501226862409077
"2015-10-27",0.138547239584774
"2015-10-28",-1.73701746695194
"2015-10-29",0.358414470555779
"2015-10-30",-0.1404429504543
"2015-11-02",-1.71378992840889
"2015-11-03",-0.252640028000961
"2015-11-04",4.21956808037915
"2015-11-05",1.80970410015107
"2015-11-06",1.88995636084925
"2015-11-09",1.57111991575629
"2015-11-10",-0.175536633048168
"2015-11-11",0.267844682391605
"2015-11-12",-0.476358529699361
"2015-11-13",-1.44346439542158
"2015-11-16",0.726732768524663
"2015-11-17",-0.059960716310492
"2015-11-18",-1.01285049378017
"2015-11-19",1.35257203382313
"2015-11-20",0.370828242020238
"2015-11-23",-0.557537002443453
"2015-11-24",0.160469245991024
"2015-11-25",0.876016251714162
"2015-11-26",-0.33989078379193
"2015-11-27",-5.63647788952384
"2015-11-30",0.264528959877275
"2015-12-01",0.315981273555366
"2015-12-02",2.30507787499565
"2015-12-03",1.34573132858016
"2015-12-04",-1.68312218398476
"2015-12-07",0.338012102838903
"2015-12-08",-1.90834853541428
"2015-12-09",0.06824325559176
"2015-12-10",-0.489146737924706
"2015-12-11",-0.60707968125282
"2015-12-14",2.47557809013159
"2015-12-15",-0.293384729494406
"2015-12-16",0.166027902679922
"2015-12-17",1.79853602481241
"2015-12-18",-0.0289123435290861
"2015-12-21",1.75891470923322
"2015-12-22",0.254863352121681
"2015-12-23",-0.430250069508809
"2015-12-24",-0.651275319041922
"2015-12-25",0.428587074693532
"2015-12-28",-2.63139499777196
"2015-12-29",0.844160479212697
"2015-12-30",0.256141091010242
"2015-12-31",-0.947527276735194
"2016-01-04",-7.11076915292601
"2016-01-05",-0.25963438794534
"2016-01-06",2.22969102146067
"2016-01-07",-7.30535611621121
"2016-01-08",1.94606449433135
"2016-01-11",-5.47306746219931
"2016-01-12",0.203888324516477
"2016-01-13",-2.4535236630669
"2016-01-14",1.94901607612135
"2016-01-15",-3.61135320176933
"2016-01-18",0.442558601007992
"2016-01-19",3.17178985230324
"2016-01-20",-1.03753187449138
"2016-01-21",-3.28557012728794
"2016-01-22",1.24479111148288
"2016-01-25",0.749878583216201
"2016-01-26",-6.63816204883778
"2016-01-27",-0.518721941590261
"2016-01-28",-2.96419292571297
"2016-01-29",3.03881138251647
"2016-02-01",-1.79665779303164
"2016-02-02",2.23294785239343
"2016-02-03",-0.376146988024395
"2016-02-04",1.51357366184373
"2016-02-05",-0.632375050415046
"2016-02-15",-0.627837904862716
"2016-02-16",3.23792464507155
"2016-02-17",1.07880910229188
"2016-02-18",-0.155136011962043
"2016-02-19",-0.100370902306235
"2016-02-22",2.32088447776633
"2016-02-23",-0.817909337541955
"2016-02-24",0.876684138473127
"2016-02-25",-6.62133194063053
"2016-02-26",0.942733885765179
"2016-02-29",-2.90499666833846
"2016-03-01",1.66724675622865
"2016-03-02",4.17449467262925
"2016-03-03",0.352999989174752
"2016-03-04",0.501889938136646
"2016-03-07",0.803717988233288
"2016-03-08",0.139578070201285
"2016-03-09",-1.34739858958648
"2016-03-10",-2.04090219906821
"2016-03-11",0.198781124827452
"2016-03-14",1.7352753578793
"2016-03-15",0.170126182974606
"2016-03-16",0.211411610811219
"2016-03-17",1.19137473352415
"2016-03-18",1.71738098504672
"2016-03-21",2.13106867771602
"2016-03-22",-0.646011948096259
"2016-03-23",0.352683155414013
"2016-03-24",-1.6409869117175
"2016-03-25",0.611305362703263
"2016-03-28",-0.717742768883234
"2016-03-29",-1.29264425044759
"2016-03-30",2.73011812286503
"2016-03-31",0.108917865460256
"2016-04-01",0.186747914659691
"2016-04-05",1.43620547098031
"2016-04-06",-0.0810301149817505
"2016-04-07",-1.39206855124385
"2016-04-08",-0.782931899897932
"2016-04-11",1.62820392603678
"2016-04-12",-0.340433168443965
"2016-04-13",1.4118440975766
"2016-04-14",0.511437836216011
"2016-04-15",-0.137817811542362
"2016-04-18",-1.45482455162327
"2016-04-19",0.301591992643147
"2016-04-20",-2.33540994403434
"2016-04-21",-0.664687410939813
"2016-04-22",0.21477464994959
"2016-04-25",-0.425678250034345
"2016-04-26",0.610013763238015
"2016-04-27",-0.372706139862622
"2016-04-28",-0.273993417603702
"2016-04-29",-0.246949252511008
"2016-05-03",1.83176232297813
"2016-05-04",-0.0458259522423177
"2016-05-05",0.219400419499216
"2016-05-06",-2.86240840812182
"2016-05-09",-2.82455368558638
"2016-05-10",0.0168773864481331
"2016-05-11",0.156837301343149
"2016-05-12",-0.0414267196222617
"2016-05-13",-0.309137413956417
"2016-05-16",0.83668313153451
"2016-05-17",-0.252100259488941
"2016-05-18",-1.28010591511805
"2016-05-19",-0.0216553093933314
"2016-05-20",0.659648033516902
"2016-05-23",0.640739540927804
"2016-05-24",-0.775919067136499
"2016-05-25",-0.233470659792001
"2016-05-26",0.261007299742566
"2016-05-27",-0.0495160715412446
"2016-05-30",0.0497928880745846
"2016-05-31",3.28183979222469
"2016-06-01",-0.106615580786951
"2016-06-02",0.401489658537102
"2016-06-03",0.45883727965137
"2016-06-06",-0.156109580088337
"2016-06-07",0.0663364463331817
"2016-06-08",-0.303110484254354
"2016-06-13",-3.26710080112589
"2016-06-14",0.321321942218411
"2016-06-15",1.57161067835876
"2016-06-16",-0.499757946146495
"2016-06-17",0.426824257849034
"2016-06-20",0.128304732920181
"2016-06-21",-0.35548240514478
"2016-06-22",0.933320720058539
"2016-06-23",-0.468825853471522
"2016-06-24",-1.31127740802537
"2016-06-27",1.44061875440231
"2016-06-28",0.580347711123075
"2016-06-29",0.65142841346022
"2016-06-30",-0.0677705846720222
"2016-07-01",0.0979214283989727
"2016-07-04",1.89592474785751
"2016-07-05",0.59343285378457
"2016-07-06",0.361901910798323
"2016-07-07",-0.0147516657140301
"2016-07-08",-0.957649713290643
"2016-07-11",0.228079171966833
"2016-07-12",1.80221376501706
"2016-07-13",0.370138927454988
"2016-07-14",-0.218192028260233
"2016-07-15",0.00909684740602046
"2016-07-18",-0.351990512133504
"2016-07-19",-0.229140874951916
"2016-07-20",-0.286849933765865
"2016-07-21",0.366220872444778
"2016-07-22",-0.865632392552484
"2016-07-25",0.0999217519238371
"2016-07-26",1.13216407301096
"2016-07-27",-1.92542870386472
"2016-07-28",0.0776428367400328
"2016-07-29",-0.501666085272046
"2016-08-01",-0.87495275509637
"2016-08-02",0.604054414554778
"2016-08-03",0.241418566157225
"2016-08-04",0.133036831915234
"2016-08-05",-0.192309595226448
"2016-08-08",0.922299761033507
"2016-08-09",0.7099186383968
"2016-08-10",-0.229461520190632
"2016-08-11",-0.535032920595491
"2016-08-12",1.58690373137738
"2016-08-15",2.4136450387525
"2016-08-16",-0.48620447259129
"2016-08-17",-0.0155051005849671
"2016-08-18",-0.17512743076189
"2016-08-19",0.128393394760451
"2016-08-22",-0.752384266856687
"2016-08-23",0.158753431313485
"2016-08-24",-0.123912857111286
"2016-08-25",-0.570368299903912
"2016-08-26",0.0645087724446824
"2016-08-29",-0.00918457855867416
"2016-08-30",0.151346681968612
"2016-08-31",0.351093546889203
"2016-09-01",-0.721641493571568
"2016-09-02",0.132028903235692
"2016-09-05",0.154506453970171
"2016-09-06",0.604204351527216
"2016-09-07",0.0393064401180254
"2016-09-08",0.130129291910919
"2016-09-09",-0.553836255675044
"2016-09-12",-1.86464982812247
"2016-09-13",0.0507141614029649
"2016-09-14",-0.685686647650385
"2016-09-19",0.769693243657343
"2016-09-20",-0.100876162099262
"2016-09-21",0.0950267175458208
"2016-09-22",0.541809446051111
"2016-09-23",-0.277047659351659
"2016-09-26",-1.77800382455136
"2016-09-27",0.593524671236345
"2016-09-28",-0.344609671428309
"2016-09-29",0.35497515014189
"2016-09-30",0.207222412976016
"2016-10-10",1.43538861633843
"2016-10-11",0.559655774345558
"2016-10-12",-0.220517097838879
"2016-10-13",0.0930710066585405
"2016-10-14",0.0804268666216856
"2016-10-17",-0.741794011143249
"2016-10-18",1.39459233293948
"2016-10-19",0.027364226145643
"2016-10-20",-0.00846096651372363
"2016-10-21",0.209959306572216
"2016-10-24",1.19972573719025
"2016-10-25",0.117948425409864
"2016-10-26",-0.500203517437647
"2016-10-27",-0.127215587050777
"2016-10-28",-0.25995098290359
"2016-10-31",-0.12177993255662
"2016-11-01",0.705268742832921
"2016-11-02",-0.633017062437879
"2016-11-03",0.840971484912068
"2016-11-04",-0.115733739727908
"2016-11-07",0.256161233097174
"2016-11-08",0.463443562125754
"2016-11-09",-0.621959286685758
"2016-11-10",1.36237773303076
"2016-11-11",0.777786094673516
"2016-11-14",0.447275825808902
"2016-11-15",-0.105495462385718
"2016-11-16",-0.0601742398652405
"2016-11-17",0.10590133768531
"2016-11-18",-0.487305182713094
"2016-11-21",0.789022236914327
"2016-11-22",0.934178354791371
"2016-11-23",-0.222362375754059
"2016-11-24",0.0184831940208241
"2016-11-25",0.621247890054377
"2016-11-28",0.460687612160982
"2016-11-29",0.180614090816
"2016-11-30",-1.00690724915538
"2016-12-01",0.713598677989857
"2016-12-02",-0.904268132290831
"2016-12-05",-1.21374579642932
"2016-12-06",-0.158080284360373
"2016-12-07",0.703689009052688
"2016-12-08",-0.213619055739223
"2016-12-09",0.543314410639084
"2016-12-12",-2.50294698497822
"2016-12-13",0.06554013170188
"2016-12-14",-0.460836207541249
"2016-12-15",-0.730372194884943
"2016-12-16",0.170011959704475
"2016-12-19",-0.156927464080603
"2016-12-20",-0.488960289357365
"2016-12-21",1.10745558507084
"2016-12-22",0.0678087346669187
"2016-12-23",-0.940979943389308
"2016-12-26",0.398383022347915
"2016-12-27",-0.253478843459476
"2016-12-28",-0.399813259383386
"2016-12-29",-0.198090744707535
"2016-12-30",0.243237624548165
"2017-01-03",1.034824063351
"2017-01-04",0.726741345429183
"2017-01-05",0.209257814642427
"2017-01-06",-0.35095967673513
"2017-01-09",0.534817059535797
"2017-01-10",-0.302079070507588
"2017-01-11",-0.791217574683856
"2017-01-12",-0.558336586153096
"2017-01-13",-0.209406094795206
"2017-01-16",-0.300375026291455
"2017-01-17",0.172142617451598
"2017-01-18",0.136200797196651
"2017-01-19",-0.376965517314432
"2017-01-20",0.701747970413713
"2017-01-23",0.435661191642822
"2017-01-24",0.184034939417366
"2017-01-25",0.222563121591435
"2017-01-26",0.304692235233794
"2017-02-03",-0.603116003612847
"2017-02-06",0.534019192411961
"2017-02-07",-0.123485013550884
"2017-02-08",0.439680755685146
"2017-02-09",0.510130574898326
"2017-02-10",0.423833822127939
"2017-02-13",0.628052782481348
"2017-02-14",0.0338432765371266
"2017-02-15",-0.153691867885719
"2017-02-16",0.516309024630068
"2017-02-17",-0.856451224300159
"2017-02-20",1.17619465857643
"2017-02-21",0.411656196606991
"2017-02-22",0.242291522670079
"2017-02-23",-0.302276695857628
"2017-02-24",0.0632795014228194
"2017-02-27",-0.764361558808346
"2017-02-28",0.404087236998762
"2017-03-01",0.160315612447981
"2017-03-02",-0.522036225667932
"2017-03-03",-0.363382722758665
"2017-03-06",0.482131310698364
"2017-03-07",0.263733332560534
"2017-03-08",-0.0537080969733594
"2017-03-09",-0.740824887895286
"2017-03-10",-0.123993490206686
"2017-03-13",0.752398241749397
"2017-03-14",0.071149782033153
"2017-03-15",0.0750531131524568
"2017-03-16",0.834786655613229
"2017-03-17",-0.967919911470361
"2017-03-20",0.411855040436215
"2017-03-21",0.331765772300052
"2017-03-22",-0.503813531732433
"2017-03-23",0.102562249098881
"2017-03-24",0.641150850937322
"2017-03-27",-0.0761884237448385
"2017-03-28",-0.429672079059706
"2017-03-29",-0.358286915795425
"2017-03-30",-0.963400715237128
"2017-03-31",0.381698901431982
"2017-04-05",1.47214577294434
"2017-04-06",0.326651030595926
"2017-04-07",0.170871172175602
"2017-04-10",-0.525409301111246
"2017-04-11",0.596888816961894
"2017-04-12",-0.46126719494346
"2017-04-13",0.0650366824705984
"2017-04-14",-0.965495630950741
"2017-04-17",-0.690187560009292
"2017-04-18",-0.793105180003195
"2017-04-19",-0.817477285299262
"2017-04-20",0.0445572584691689
"2017-04-21",0.0331202347524595
"2017-04-24",-1.38419073822362
"2017-04-25",0.160785803941543
"2017-04-26",0.200147154516195
"2017-04-27",0.360401688278422
"2017-04-28",0.0783576300920075
"2017-05-02",-0.347583779328708
"2017-05-03",-0.266472204447865
"2017-05-04",-0.254747518096643
"2017-05-05",-0.781038341669138
"2017-05-08",-0.790247641742603
"2017-05-09",0.0621535805011675
"2017-05-10",-0.904645879535337
"2017-05-11",0.285073202426389
"2017-05-12",0.716451971034537
"2017-05-15",0.217568784418809
"2017-05-16",0.73301631522078
"2017-05-17",-0.274140737440653
"2017-05-18",-0.461790873476886
"2017-05-19",0.0159264298606132
"2017-05-22",-0.485058820759399
"2017-05-23",-0.447372762877762
"2017-05-24",0.0695037254487829
"2017-05-25",1.4179040669676
"2017-05-26",0.0716650518510775
"2017-05-31",0.228637517134445
"2017-06-01",-0.468020070323405
"2017-06-02",0.0939727959544001
"2017-06-05",-0.448075424062822
"2017-06-06",0.338080384528894
"2017-06-07",1.22386066746465
"2017-06-08",0.318219173846934
"2017-06-09",0.255706534487743
"2017-06-12",-0.588192701899715
"2017-06-13",0.440636381445891
"2017-06-14",-0.734163619190831
"2017-06-15",0.0578625487909434
"2017-06-16",-0.297972929022272
"2017-06-19",0.676759551992667
"2017-06-20",-0.138759979234671
"2017-06-21",0.514531535976737
"2017-06-22",-0.277903058681872
"2017-06-23",0.33051980516472
"2017-06-26",0.869299706135962
"2017-06-27",0.180437646055509
"2017-06-28",-0.565525320905635
"2017-06-29",0.467268367976281
"2017-06-30",0.136792462251023
"2017-07-03",0.109108401579405
"2017-07-04",-0.410997207596253
"2017-07-05",0.761515858901163
"2017-07-06",0.165433307537022
"2017-07-07",0.171464897608331
"2017-07-10",-0.165613200444881
"2017-07-11",-0.299080248928085
"2017-07-12",-0.171676335770243
"2017-07-13",0.642772866388697
"2017-07-14",0.132097002662945
"2017-07-17",-1.43627256655812
"2017-07-18",0.34889259799904
"2017-07-19",1.35263847462213
"2017-07-20",0.428946206630876
"2017-07-21",-0.212346787362705
"2017-07-24",0.388904840538906
"2017-07-25",-0.212807270522219
"2017-07-26",0.122811923423605
"2017-07-27",0.0648240497795882
"2017-07-28",0.106380844482423
"2017-07-31",0.606415379827219
"2017-08-01",0.597347512522006
"2017-08-02",-0.230508029320475
"2017-08-03",-0.369867947932967
"2017-08-04",-0.331993675516173
"2017-08-07",0.531251722092208
"2017-08-08",0.073644095952119
"2017-08-09",-0.19214953184985
"2017-08-10",-0.42292533734436
"2017-08-11",-1.64472399607813
"2017-08-14",0.894189422858283
"2017-08-15",0.428500138281862
"2017-08-16",-0.148083978466751
"2017-08-17",0.674734898710838
"2017-08-18",0.00900052217875924
"2017-08-21",0.554696688720213
"2017-08-22",0.100957932473023
"2017-08-23",-0.0766501219052529
"2017-08-24",-0.493752464558916
"2017-08-25",1.81769964728886
"2017-08-28",0.930036647310395
"2017-08-29",0.0765529793053332
"2017-08-30",-0.0475302707219072
"2017-08-31",-0.083780817925394
"2017-09-01",0.187541779686207
"2017-09-04",0.376971756082334
"2017-09-05",0.132491319049777
"2017-09-06",0.0316711254193081
"2017-09-07",-0.589312383877605
"2017-09-08",-0.00755191852590542
"2017-09-11",0.331551343322189
"2017-09-12",0.0908565561752894
"2017-09-13",0.137764285918962
"2017-09-14",-0.376606485907871
"2017-09-15",-0.529577744871368
"2017-09-18",0.275144119514792
"2017-09-19",-0.178993531046423
"2017-09-20",0.272239922480821
"2017-09-21",-0.243436038406486
"2017-09-22",-0.157457274982598
"2017-09-25",-0.328050872485797
"2017-09-26",0.0608495400964415
"2017-09-27",0.050500871694581
"2017-09-28",-0.168435503522346
"2017-09-29",0.278116543637452
"2017-10-09",0.756618229853778
"2017-10-10",0.254836328287134
"2017-10-11",0.156422607183693
"2017-10-12",-0.0644734064289665
"2017-10-13",0.130532614764789
"2017-10-16",-0.356123603048175
"2017-10-17",-0.190473193987017
"2017-10-18",0.28881178872755
"2017-10-19",-0.344250470669039
"2017-10-20",0.251179743150765
"2017-10-23",0.0606871073792092
"2017-10-24",0.223050205748976
"2017-10-25",0.254965970990639
"2017-10-26",0.313586887066286
"2017-10-27",0.270944001842111
"2017-10-30",-0.777865499426689
"2017-10-31",0.0885987446197944
"2017-11-01",0.0757386509951274
"2017-11-02",-0.371813738822091
"2017-11-03",-0.34244506054133
"2017-11-06",0.486106737729308
"2017-11-07",0.746896040918799
"2017-11-08",0.0552057522670069
"2017-11-09",0.360500217212234
"2017-11-10",0.142211138054549
"2017-11-13",0.44074839437247
"2017-11-14",-0.531826782217593
"2017-11-15",-0.791072780775437
"2017-11-16",-0.0962955199266702
"2017-11-17",-0.481913654213884
"2017-11-20",0.280163640381303
"2017-11-21",0.532101655383244
"2017-11-22",0.583722588464752
"2017-11-23",-2.28433703439226
"2017-11-24",0.0248115272968974
"2017-11-27",-0.946406810810707
"2017-11-28",0.343365603780832
"2017-11-29",0.126060632661407
"2017-11-30",-0.621306807707001
"2017-12-01",0.0129304479953518
"2017-12-04",-0.241398624004496
"2017-12-05",-0.179725066696257
"2017-12-06",-0.294346700000681
"2017-12-07",-0.667412451607419
"2017-12-08",0.546720731914263
"2017-12-11",0.974090775982894
"2017-12-12",-1.25344719275269
"2017-12-13",0.675082961306295
"2017-12-14",-0.321376440542309
"2017-12-15",-0.802068720172144
"2017-12-18",0.0546415642103781
"2017-12-19",0.871850765183702
"2017-12-20",-0.271322571961363
"2017-12-21",0.378074469787038
"2017-12-22",-0.0908303400844801
"2017-12-25",-0.49328523452683
"2017-12-26",0.767759252398115
"2017-12-27",-0.921989676182555
"2017-12-28",0.626950454715391
"2017-12-29",0.326706300381296
"2018-01-02",1.2367018433217
"2018-01-03",0.61874962387467
"2018-01-04",0.491562755568076
"2018-01-05",0.178239064009666
"2018-01-08",0.521376874933743
"2018-01-09",0.129552295039304
"2018-01-10",0.232135589102178
"2018-01-11",0.102552812794343
"2018-01-12",0.104925513412901
"2018-01-15",-0.539604282643857
"2018-01-16",0.762546246174622
"2018-01-17",0.234750669707928
"2018-01-18",0.869528852325452
"2018-01-19",0.376586038305504
"2018-01-22",0.386253460305674
"2018-01-23",1.28105254316146
"2018-01-24",0.364769888509997
"2018-01-25",-0.313972147916708
"2018-01-26",0.276426257639173
"2018-01-29",-0.99216418122694
"2018-01-30",-0.998208089990982
"2018-01-31",-0.205946052274797
"2018-02-01",-0.977315568794879
"2018-02-02",0.437138967820871
"2018-02-05",0.731443775663188
"2018-02-06",-3.40780798748099
"2018-02-07",-1.83816246672102
"2018-02-08",-1.43687553395448
"2018-02-09",-4.13704238938024
"2018-02-12",0.772569674017909
"2018-02-13",0.972829110764017
"2018-02-14",0.44485316829519
"2018-02-22",2.14612973298429
"2018-02-23",0.624160164298715
"2018-02-26",1.22535186404846
"2018-02-27",-1.13283867024556
"2018-02-28",-0.997040245279024
"2018-03-01",0.43920371831021
"2018-03-02",-0.589032758284525
"2018-03-05",0.0736532599693973
"2018-03-06",0.99949582082921
"2018-03-07",-0.547883450105502
"2018-03-08",0.510301358989373
"2018-03-09",0.568868341628104
"2018-03-12",0.58888794013523
"2018-03-13",-0.496011708229638
"2018-03-14",-0.571283477703588
"2018-03-15",-0.00820415466744606
"2018-03-16",-0.647159702907985
"2018-03-19",0.286141017908648
"2018-03-20",0.346670894195178
"2018-03-21",-0.294844729182309
"2018-03-22",-0.533949036991466
"2018-03-23",-3.45155321314312
"2018-03-26",-0.605716120864486
"2018-03-27",1.04524963908155
"2018-03-28",-1.41071881631571
"2018-03-29",1.21733339113739
"2018-03-30",0.264351593845902
"2018-04-02",-0.180604895433234
"2018-04-03",-0.842757055780474
"2018-04-04",-0.176202930575009
"2018-04-09",0.229140216961277
"2018-04-10",1.64425360785838
"2018-04-11",0.5551401714051
"2018-04-12",-0.874239223798945
"2018-04-13",-0.665888497703016
"2018-04-16",-1.54406209199909
"2018-04-17",-1.41976290164454
"2018-04-18",0.798998203412715
"2018-04-19",0.836789962127327
"2018-04-20",-1.48115838362539
"2018-04-23",-0.115024832530253
"2018-04-24",1.96603521360377
"2018-04-25",-0.350666418693635
"2018-04-26",-1.38688039901744
"2018-04-27",0.233932170747408
"2018-05-02",-0.034232095298492
"2018-05-03",0.636746594581439
"2018-05-04",-0.317380745415896
"2018-05-07",1.46484377509974
"2018-05-08",0.789221703520226
"2018-05-09",-0.0743007719137267
"2018-05-10",0.481978740128852
"2018-05-11",-0.351868996153826
"2018-05-14",0.339862780572631
"2018-05-15",0.568192296316283
"2018-05-16",-0.709028537728784
"2018-05-17",-0.483313703604793
"2018-05-18",1.22945988893584
"2018-05-21",0.641071351773448
"2018-05-22",0.0158679188484001
"2018-05-23",-1.4220434822354
"2018-05-24",-0.452692216906847
"2018-05-25",-0.424015813948664
"2018-05-28",-0.198233538167969
"2018-05-29",-0.46746124828676
"2018-05-30",-2.56486157867926
"2018-05-31",1.76089720808204
"2018-06-01",-0.659164266233603
"2018-06-04",0.52069859345707
"2018-06-05",0.74178147287185
"2018-06-06",0.0312671910188911
"2018-06-07",-0.182528628972278
"2018-06-08",-1.37135043989201
"2018-06-11",-0.469450279673644
"2018-06-12",0.881168968649781
"2018-06-13",-0.979023980795368
"2018-06-14",-0.185009791807644
"2018-06-15",-0.733890861697795
"2018-06-19",-3.84817089453495
"2018-06-20",0.271619092068143
"2018-06-21",-1.37861512718063
"2018-06-22",0.483906293901981
"2018-06-25",-1.05840487925972
"2018-06-26",-0.519927067282033
"2018-06-27",-1.10753400078556
"2018-06-28",-0.938601685351781
"2018-06-29",2.14838270200586
"2018-07-02",-2.55612015026951
"2018-07-03",0.407413287925884
"2018-07-04",-1.00115846466
"2018-07-05",-0.919134814902289
"2018-07-06",0.48701623361298
"2018-07-09",2.44086064498683
"2018-07-10",0.443576148194502
"2018-07-11",-1.77883306068614
"2018-07-12",2.13305878370926
"2018-07-13",-0.228436624372907
"2018-07-16",-0.607314657130154
"2018-07-17",-0.567198193564611
"2018-07-18",-0.389191237497055
"2018-07-19",-0.52923439841841
"2018-07-20",2.02534370680967
"2018-07-23",1.06423894658549
"2018-07-24",1.59653659252799
"2018-07-25",-0.0659311474011659
"2018-07-26",-0.740492448583119
"2018-07-27",-0.2999090253339
"2018-07-30",-0.158252746097265
"2018-07-31",0.255883623513675
"2018-08-01",-1.81964452555858
"2018-08-02",-2.02096910766976
"2018-08-03",-1.00140533766941
"2018-08-06",-1.29596835018715
"2018-08-07",2.70657861392571
"2018-08-08",-1.2783486241835
"2018-08-09",1.81687571412219
"2018-08-10",0.0332032242724267
"2018-08-13",-0.338207848380101
"2018-08-14",-0.176293400780736
"2018-08-15",-2.09690428420819
"2018-08-16",-0.665612794076686
"2018-08-17",-1.34816951654706
"2018-08-20",1.09923316549292
"2018-08-21",1.3018579803842
"2018-08-22",-0.705454017522644
"2018-08-23",0.368291863440628
"2018-08-24",0.176268347327468
"2018-08-27",1.86811012526551
"2018-08-28",-0.104984073389769
"2018-08-29",-0.313164237303454
"2018-08-30",-1.14610579851844
"2018-08-31",-0.45715219925011
"2018-09-03",-0.165851171391562
"2018-09-04",1.0910171576433
"2018-09-05",-1.6955078097082
"2018-09-06",-0.472353045924123
"2018-09-07",0.397042321618368
"2018-09-10",-1.22180315535356
"2018-09-11",-0.175658370996956
"2018-09-12",-0.326633958149536
"2018-09-13",1.14055338264683
"2018-09-14",-0.183852953847108
"2018-09-17",-1.11951606700833
"2018-09-18",1.79987058501885
"2018-09-19",1.13797157616684
"2018-09-20",-0.0588342269600695
"2018-09-21",2.46962278440348
"2018-09-25",-0.586031168774248
"2018-09-26",0.918914589873854
"2018-09-27",-0.537211256178782
"2018-09-28",1.05379693808088
"2018-10-08",-3.78675566466349
"2018-10-09",0.165624313555313
"2018-10-10",0.177129033898282
"2018-10-11",-5.36466906719273
"2018-10-12",0.903798099822328
"2018-10-15",-1.50012875381185
"2018-10-16",-0.851237070329969
"2018-10-17",0.598439659413952
"2018-10-18",-2.97940334328786
"2018-10-19",2.54322293787759
"2018-10-22",4.01222106177199
"2018-10-23",-2.28785060093486
"2018-10-24",0.325848580202059
"2018-10-25",0.0194014898671213
"2018-10-26",-0.190407941272053
"2018-10-29",-2.20761540434218
"2018-10-30",1.01544127806257
"2018-10-31",1.34351268130066
"2018-11-01",0.132620051103505
"2018-11-02",2.65935895766276
"2018-11-05",-0.413529542060154
"2018-11-06",-0.228176405544911
"2018-11-07",-0.67968351925618
"2018-11-08",-0.216410507140985
"2018-11-09",-1.4045500115059
"2018-11-12",1.21040212102779
"2018-11-13",0.921785898239236
"2018-11-14",-0.85631078255588
"2018-11-15",1.35565108938804
"2018-11-16",0.409187482434348
"2018-11-19",0.906696507953964
"2018-11-20",-2.15573979001995
"2018-11-21",0.213310225789076
"2018-11-22",-0.229219316974838
"2018-11-23",-2.52462096570616
"2018-11-26",-0.142488570232668
"2018-11-27",-0.0439221990419902
"2018-11-28",1.04544736594541
"2018-11-29",-1.32688155507843
"2018-11-30",0.80475055498157
"2018-12-03",2.5410592766498
"2018-12-04",0.419486559686177
"2018-12-05",-0.60774439720328
"2018-12-06",-1.69839074795295
"2018-12-07",0.027135738371431
"2018-12-10",-0.820967187515098
"2018-12-11",0.367116298949099
"2018-12-12",0.310424074933024
"2018-12-13",1.21830248771886
"2018-12-14",-1.54210109793489
"2018-12-17",0.163073468645702
"2018-12-18",-0.824188950373905
"2018-12-19",-1.0568100342442
"2018-12-20",-0.522823198132016
"2018-12-21",-0.792364899935993
"2018-12-24",0.426554389533429
"2018-12-25",-0.881911697687521
"2018-12-26",-0.26084362481793
"2018-12-27",-0.610596043942291
"2018-12-28",0.434402822541369
"2019-01-02",-1.15362849488436
"2019-01-03",-0.037648849228944
"2019-01-04",2.0286914010903
"2019-01-07",0.721926515038884
"2019-01-08",-0.261967939736252
"2019-01-09",0.705336706589765
"2019-01-10",-0.364050082804113
"2019-01-11",0.736186897971702
"2019-01-14",-0.709928177485963
"2019-01-15",1.35447953904091
"2019-01-16",0.00300141977467305
"2019-01-17",-0.420469695076076
"2019-01-18",1.41087130416171
"2019-01-21",0.557108397035311
"2019-01-22",-1.1870530910203
"2019-01-23",0.0503730893307797
"2019-01-24",0.413331736114042
"2019-01-25",0.386212795209051
"2019-01-28",-0.182578350860219
"2019-01-29",-0.104913276728791
"2019-01-30",-0.722579267313517
"2019-01-31",0.34867613111409
"2019-02-01",1.29393238410769
"2019-02-11",1.35294918821964
"2019-02-12",0.67588528214042
"2019-02-13",1.82368922415934
"2019-02-14",-0.0502930473139429
"2019-02-15",-1.38152342156079
"2019-02-18",2.64776696977487
"2019-02-19",0.0467898852285487
"2019-02-20",0.202035029161074
"2019-02-21",-0.341663122178382
"2019-02-22",1.88719759622549
"2019-02-25",5.44950150687766
"2019-02-26",-0.669747340119642
"2019-02-27",0.417546051560347
"2019-02-28",-0.43665404467097
"2019-03-01",1.78778637309254
"2019-03-04",1.11503586444783
"2019-03-05",0.877082841348198
"2019-03-06",1.55459141619509
"2019-03-07",0.139126578345028
"2019-03-08",-4.49551052712494
"2019-03-11",1.90545124306496
"2019-03-12",1.09455090639567
"2019-03-13",-1.09593816736329
"2019-03-14",-1.20533405959407
"2019-03-15",1.03339791981814
"2019-03-18",2.44094924424285
"2019-03-19",-0.175934269731925
"2019-03-20",-0.0108452241304846
"2019-03-21",0.349322678300723
"2019-03-22",0.0868198540375786
"2019-03-25",-1.98855197573309
"2019-03-26",-1.5210583628674
"2019-03-27",0.851360217041375
"2019-03-28",-0.923184062671822
"2019-03-29",3.14911486473122
"2019-04-01",2.54291013147814
"2019-04-02",0.203615214213571
"2019-04-03",1.23484115450374
"2019-04-04",0.936932457977946
"2019-04-08",-0.0542561287030452
"2019-04-09",-0.158717483745541
"2019-04-10",0.0699170325709986
"2019-04-11",-1.61598329545765
"2019-04-12",-0.0418881746982791
"2019-04-15",-0.340501890966749
"2019-04-16",2.35763532878934
"2019-04-17",0.292172530926393
"2019-04-18",-0.39663370504126
"2019-04-19",0.631690405041141
"2019-04-22",-1.71929997174676
"2019-04-23",-0.51293863871873
"2019-04-24",0.0943725647779559
"2019-04-25",-2.45965524698626
"2019-04-26",-1.2053494363256
"2019-05-06",-6.00677549490527
"2019-05-07",0.68327015707963
"2019-05-08",-1.12142763111018
"2019-05-09",-1.4901974613398
"2019-05-10",3.04874460043107
"2019-05-13",-1.21509315532196
"2019-05-14",-0.694686799212274
"2019-05-15",1.89164558660089
"2019-05-16",0.57793968637796
"2019-05-17",-2.51520467082598
"2019-05-20",-0.406436138618727
"2019-05-21",1.22440934595742
"2019-05-22",-0.492057490736553
"2019-05-23",-1.36452967601572
"2019-05-24",0.0168336923532131
"2019-05-27",1.37096162497867
"2019-05-28",0.604348142979472
"2019-05-29",0.164308326064599
"2019-05-30",-0.305510468967807
"2019-05-31",-0.244944072969222
"2019-06-03",-0.297644777519235
"2019-06-04",-0.966602828046259
"2019-06-05",-0.0301224839891923
"2019-06-06",-1.18189444630552
"2019-06-10",0.856769167849958
"2019-06-11",2.54732163893774
"2019-06-12",-0.559929907907541
"2019-06-13",0.0467716757054149
"2019-06-14",-0.993215859737884
"2019-06-17",0.195783227010171
"2019-06-18",0.0877807445111678
"2019-06-19",0.951977090572154
"2019-06-20",2.3478414298058
"2019-06-21",0.496272137372245
"2019-06-24",0.205252574929027
"2019-06-25",-0.870556683966939
"2019-06-26",-0.194350218936012
"2019-06-27",0.686718551380228
"2019-06-28",-0.599601048198029
"2019-07-01",2.19223740596783
"2019-07-02",-0.0315317870690279
"2019-07-03",-0.946671558421741
"2019-07-04",-0.332660255404882
"2019-07-05",0.193143725513245
"2019-07-08",-2.61423123447804
"2019-07-09",-0.175142091825187
"2019-07-10",-0.442472091604174
"2019-07-11",0.0843119352807342
"2019-07-12",0.437359891073275
"2019-07-15",0.396404651386906
"2019-07-16",-0.155441243001153
"2019-07-17",-0.20207410954054
"2019-07-18",-1.04615010870193
"2019-07-19",0.790339489902081
"2019-07-22",-1.28119855803055
"2019-07-23",0.448109011379749
"2019-07-24",0.801625667826489
"2019-07-25",0.480497173108496
"2019-07-26",0.24413660170941
"2019-07-29",-0.119955803413507
"2019-07-30",0.384504289430687
"2019-07-31",-0.673939105518517
"2019-08-01",-0.812839671716059
"2019-08-02",-1.41711544315424
"2019-08-05",-1.62905054336431
"2019-08-06",-1.56972872051035
"2019-08-07",-0.320072345772804
"2019-08-08",0.930116048590257
"2019-08-09",-0.711115520017636
"2019-08-12",1.43980525851131
"2019-08-13",-0.631833542116222
"2019-08-14",0.41561061941966
"2019-08-15",0.244995403999404
"2019-08-16",0.284417185554542
"2019-08-19",2.07755358331445
"2019-08-20",-0.107584398892868
"2019-08-21",0.0114603849394435
"2019-08-22",0.107910735214212
"2019-08-23",0.484010836392645
"2019-08-26",-1.17549918052289
"2019-08-27",1.33964821694432
"2019-08-28",-0.290890605184213
"2019-08-29",-0.0981934441174559
"2019-08-30",-0.162015007200011
"2019-09-02",1.30341647225762
"2019-09-03",0.206480457735037
"2019-09-04",0.92602727318063
"2019-09-05",0.957399284365756
"2019-09-06",0.45911307282136
"2019-09-09",0.834615495344515
"2019-09-10",-0.117104683113034
"2019-09-11",-0.410941587673364
"2019-09-12",0.742710206846198
"2019-09-16",-0.0161659785607782
"2019-09-17",-1.75178454077152
"2019-09-18",0.252853022091948
"2019-09-19",0.455147107472875
"2019-09-20",0.23876948947894
"2019-09-23",-0.981698386390484
"2019-09-24",0.277069211970549
"2019-09-25",-1.00695393454995
"2019-09-26",-0.895230870994101
"2019-09-27",0.10509120148896
"2019-09-30",-0.924396431087171
"2019-10-08",0.288038440524385
"2019-10-09",0.38674961365226
"2019-10-10",0.778193160676199
"2019-10-11",0.876490328654622
"2019-10-14",1.14419850102419
"2019-10-15",-0.561096006956063
"2019-10-16",-0.413420491120675
"2019-10-17",-0.0463355859145587
"2019-10-18",-1.32502602746856
"2019-10-21",0.0503669434877452
"2019-10-22",0.50084142697937
"2019-10-23",-0.432828559029019
"2019-10-24",-0.0238058729278734
"2019-10-25",0.475250785433268
"2019-10-28",0.846515644091372
"2019-10-29",-0.871900178184948
"2019-10-30",-0.504280834492654
"2019-10-31",-0.349671263007778
"2019-11-01",0.989938610513708
"2019-11-04",0.582776926562545
"2019-11-05",0.538628224001325
"2019-11-06",-0.434158582565125
"2019-11-07",0.00368834252117978
"2019-11-08",-0.48898964019175
"2019-11-11",-1.84576495081163
"2019-11-12",0.166532976757416
"2019-11-13",-0.3292092025454
"2019-11-14",0.159244722568008
"2019-11-15",-0.638835393455395
"2019-11-18",0.615801953571271
"2019-11-19",0.84851555352321
"2019-11-20",-0.78494103138711
"2019-11-21",-0.254877219092542
"2019-11-22",-0.63396571297778
"2019-11-25",0.721060789770078
"2019-11-26",0.0306245240551561
"2019-11-27",-0.133216938078373
"2019-11-28",-0.465980420863676
"2019-11-29",-0.61486274950262
"2019-12-02",0.133271380509825
"2019-12-03",0.308649721708765
"2019-12-04",-0.228498947679778
"2019-12-05",0.739171275434369
"2019-12-06",0.431729445984974
"2019-12-09",0.0845830105324019
"2019-12-10",0.0973248112251746
"2019-12-11",0.243115445604403
"2019-12-12",-0.298590027520085
"2019-12-13",1.76699217822867
"2019-12-16",0.561723484755028
"2019-12-17",1.26621378971716
"2019-12-18",-0.178101022992294
"2019-12-23",-1.41387106537927
"2019-12-24",0.67043087990637
"2019-12-25",-0.0268185326328663
"2019-12-26",0.850660393242642
"2019-12-27",-0.0771437242034878
"2019-12-30",1.15758747712
"2019-12-31",0.331686728938507
"2020-01-02",1.14335831017698
"2020-01-03",-0.0457809276383614
"2020-01-06",-0.0122561414409361
"2020-01-07",0.69144803981338
"2020-01-08",-1.22849273489365
"2020-01-09",0.908478671772528
"2020-01-10",-0.083755993610346
"2020-01-13",0.749989756615932
"2020-01-14",-0.281242595731612
"2020-01-15",-0.541566849103603
"2020-01-16",-0.517803573757902
"2020-01-17",0.0460206934782548
"2020-01-20",0.657597049220016
"2020-01-21",-1.41992412478817
"2020-01-22",0.281863045882425
"2020-01-23",-2.79040332093938
"2020-02-03",-8.03915941468212
"2020-02-04",1.32670415605549
"2020-02-05",1.2425608595783
"2020-02-06",1.70366632923429
"2020-02-07",0.329125257185403
"2020-02-10",0.503884080595629
"2020-02-11",0.386104763388229
"2020-02-12",0.865706907580854
"2020-02-13",-0.714045473390179
"2020-02-14",0.375543218880825
"2020-02-17",2.25795692095803
"2020-02-18",0.0452318929506035
"2020-02-19",-0.321115157697527
"2020-02-20",1.82342712748813
"2020-02-21",0.313514901398371
"2020-02-24",-0.277917206745926
"2020-02-25",-0.601656672049877
"2020-02-26",-0.837238081498448
"2020-02-27",0.113764041599396
"2020-02-28",-3.78223021206665
"2020-03-02",3.09795122310552
"2020-03-03",0.736646488471226
"2020-03-04",0.625161370212801
"2020-03-05",1.9730247852074
"2020-03-06",-1.21733805264199
"2020-03-09",-3.05219381585529
"2020-03-10",1.8004011593967
"2020-03-11",-0.946982826001808
"2020-03-12",-1.52857632540382
"2020-03-13",-1.24109737386622
"2020-03-16",-3.45916519690919
"2020-03-17",-0.345231954084824
"2020-03-18",-1.84759575245872
"2020-03-19",-0.980555821046813
"2020-03-20",1.59658495060198
"2020-03-23",-3.16161558922667
"2020-03-24",2.31377967669752
"2020-03-25",2.14952911953672
"2020-03-26",-0.601468292161567
"2020-03-27",0.263386179818959
"2020-03-30",-0.905492039288003
"2020-03-31",0.112115751231734
"2020-04-01",-0.575186591775001
"2020-04-02",1.67237365926702
"2020-04-03",-0.600615120231929
"2020-04-07",2.03331694683815
"2020-04-08",-0.191409456158453
"2020-04-09",0.373503262216612
"2020-04-10",-1.04128165248136
"2020-04-13",-0.486875117544106
"2020-04-14",1.57694008550466
"2020-04-15",-0.571395001858388
"2020-04-16",0.311164066086089
"2020-04-17",0.656016739091747
"2020-04-20",0.494035206010057
"2020-04-21",-0.899371977480978
"2020-04-22",0.598381689740268
"2020-04-23",-0.192907310235757
"2020-04-24",-1.06145218278897
"2020-04-27",0.247725377838748
"2020-04-28",-0.194513348305136
"2020-04-29",0.440943257001436
"2020-04-30",1.32478761181005
"2020-05-06",0.629390840928146
"2020-05-07",-0.230168171702161
"2020-05-08",0.826004511084566
"2020-05-11",-0.0186537454634816
"2020-05-12",-0.112130721442671
"2020-05-13",0.22433802133861
"2020-05-14",-0.960691321652707
"2020-05-15",-0.065625452402962
"2020-05-18",0.242309800918772
"2020-05-19",0.802151286864561
"2020-05-20",-0.513217499361129
"2020-05-21",-0.549893389048428
"2020-05-22",-1.90650420276093
"2020-05-25",0.149335111933624
"2020-05-26",1.00899653024724
"2020-05-27",-0.342867206970698
"2020-05-28",0.331442362649881
"2020-05-29",0.215111831176262
"2020-06-01",2.18740407826541
"2020-06-02",0.204461813938384
"2020-06-03",0.0675183248625366
"2020-06-04",-0.141036597366284
"2020-06-05",0.394803801789223
"2020-06-08",0.237602250606361
"2020-06-09",0.62237828700491
"2020-06-10",-0.418963793145544
"2020-06-11",-0.779452246764123
"2020-06-12",-0.0395849229816392
"2020-06-15",-1.02280096859273
"2020-06-16",1.43326216312385
"2020-06-17",0.140435733568101
"2020-06-18",0.11744135212286
"2020-06-19",0.958532981992377
"2020-06-22",-0.0794858968300005
"2020-06-23",0.180196855538117
"2020-06-24",0.300190179191162
"2020-06-29",-0.607128887087427
"2020-06-30",0.778921472935235
"2020-07-01",1.37447699467828
"2020-07-02",2.11199239002031
"2020-07-03",1.99398202826586
"2020-07-06",5.5542059919107
"2020-07-07",0.373028386015228
"2020-07-08",1.72192573214165
"2020-07-09",1.37597208935922
"2020-07-10",-1.96883151299545
"2020-07-13",1.7568142495211
"2020-07-14",-0.836032603891468
"2020-07-15",-1.57369091875257
"2020-07-16",-4.60271650546868
"2020-07-17",0.125455868366231
"2020-07-20",3.0644482272594
"2020-07-21",0.203347449678049
"2020-07-22",0.368769100211352
"2020-07-23",-0.241923348978368
"2020-07-24",-3.93624683889104
"2020-07-27",0.264261055127513
"2020-07-28",0.706741606614791
"2020-07-29",2.04198490612022
"2020-07-30",-0.234904885438958
